ItemID,SellingPriceDec,times,new F1,new F2,new F3,new F4,new F5,new H1,new H2,new others
1,7,16,7,7,7,7,7,7,7,7
1,7,17,7,7,7,7,7,7,7,7
1,7,18,7,7,7,7,7,7,7,7
1,7,19,7,7,7,7,7,7,7,7
1,7,20,7,7,7,7,7,7,7,7
1,7,21,7,7,7,7,7,7,7,7
1,7,22,7,7,7,7,7,7,7,7
1,7,23,7,7,7,7,7,7,7,7
1,7,24,7,7,7,7,7,7,7,7
1,7,25,7,7,7,7,7,7,7,7
1,7,26,7,7,7,7,7,7,7,7
2,8,16,8,8,8,8,8,8,8,8
2,8,17,8,8,8,8,8,8,8,8
2,8,18,8,8,8,8,8,8,8,8
2,8,19,8,8,8,8,8,8,8,8
2,8,20,8,8,8,8,8,8,8,8
2,8,21,8,8,8,8,8,8,8,8
2,8,22,8,8,8,8,8,8,8,8
2,8,23,8,8,8,8,8,8,8,8
2,8,24,8,8,8,8,8,8,8,8
2,8,25,8,8,8,8,8,8,8,8
2,8,26,8,8,8,8,8,8,8,8
3,12,16,12,12,12,12,12,12,12,12
3,12,17,12,12,12,12,12,12,12,12
3,12,18,12,12,12,12,12,12,12,12
3,12,19,12,12,12,12,12,12,12,12
3,12,20,12,12,12,12,12,12,12,12
3,12,21,12,12,12,12,12,12,12,12
3,12,22,12,12,12,12,12,12,12,12
3,12,23,12,12,12,12,12,12,12,12
3,12,24,12,12,12,12,12,12,12,12
3,12,25,12,12,12,12,12,12,12,12
3,12,26,12,12,12,12,12,12,12,12
4,21,16,21,21,21,21,21,21,21,21
4,21,17,21,21,21,21,21,21,21,21
4,21,18,21,21,21,21,21,21,21,21
4,21,19,21,21,21,21,21,21,21,21
4,21,20,21,21,21,21,21,21,21,21
4,21,21,21,21,21,21,21,21,21,21
4,21,22,21,21,21,21,21,21,21,21
4,21,23,21,21,21,21,21,21,21,21
4,21,24,21,21,21,21,21,21,21,21
4,21,25,21,21,21,21,21,21,21,21
4,21,26,21,21,21,21,21,21,21,21
5,8,16,8,8,8,8,8,8,8,8
5,8,17,8,8,8,8,8,8,8,8
5,8,18,8,8,8,8,8,8,8,8
5,8,19,8,8,8,8,8,8,8,8
5,8,20,8,8,8,8,8,8,8,8
5,8,21,8,8,8,8,8,8,8,8
5,8,22,8,8,8,8,8,8,8,8
5,8,23,8,8,8,8,8,8,8,8
5,8,24,8,8,8,8,8,8,8,8
5,8,25,8,8,8,8,8,8,8,8
5,8,26,8,8,8,8,8,8,8,8
6,10,16,10,10,10,10,10,10,10,10
6,10,17,10,10,10,10,10,10,10,10
6,10,18,10,10,10,10,10,10,10,10
6,10,19,10,10,10,10,10,10,10,10
6,10,20,10,10,10,10,10,10,10,10
6,10,21,10,10,10,10,10,10,10,10
6,10,22,10,10,10,10,10,10,10,10
6,10,23,10,10,10,10,10,10,10,10
6,10,24,10,10,10,10,10,10,10,10
6,10,25,10,10,10,10,10,10,10,10
6,10,26,10,10,10,10,10,10,10,10
12,30,16,30,30,30,30,30,30,30,30
12,30,17,30,30,30,30,30,30,30,30
12,30,18,30,30,30,30,30,30,30,30
12,30,19,30,30,30,30,30,30,30,30
12,30,20,30,30,30,30,30,30,30,30
12,30,21,30,30,30,30,30,30,30,30
12,30,22,30,30,30,30,30,30,30,30
12,30,23,30,30,30,30,30,30,30,30
12,30,24,30,30,30,30,30,30,30,30
12,30,25,30,30,30,30,30,30,30,30
12,30,26,30,30,30,30,30,30,30,30
14,10,16,10,10,10,10,10,10,10,10
14,10,17,10,10,10,10,10,10,10,10
14,10,18,10,10,10,10,10,10,10,10
14,10,19,10,10,10,10,10,10,10,10
14,10,20,10,10,10,10,10,10,10,10
14,10,21,10,10,10,10,10,10,10,10
14,10,22,10,10,10,10,10,10,10,10
14,10,23,10,10,10,10,10,10,10,10
14,10,24,10,10,10,10,10,10,10,10
14,10,25,10,10,10,10,10,10,10,10
14,10,26,10,10,10,10,10,10,10,10
15,35,16,35,35,35,35,35,35,35,35
15,35,17,35,35,35,35,35,35,35,35
15,35,18,35,35,35,35,35,35,35,35
15,35,19,35,35,35,35,35,35,35,35
15,35,20,35,35,35,35,35,35,35,35
15,35,21,35,35,35,35,35,35,35,35
15,35,22,35,35,35,35,35,35,35,35
15,35,23,35,35,35,35,35,35,35,35
15,35,24,35,35,35,35,35,35,35,35
15,35,25,35,35,35,35,35,35,35,35
15,35,26,35,35,35,35,35,35,35,35
16,5,16,5,5,5,5,5,5,5,5
16,5,17,5,5,5,5,5,5,5,5
16,5,18,5,5,5,5,5,5,5,5
16,5,19,5,5,5,5,5,5,5,5
16,5,20,5,5,5,5,5,5,5,5
16,5,21,5,5,5,5,5,5,5,5
16,5,22,5,5,5,5,5,5,5,5
16,5,23,5,5,5,5,5,5,5,5
16,5,24,5,5,5,5,5,5,5,5
16,5,25,5,5,5,5,5,5,5,5
16,5,26,5,5,5,5,5,5,5,5
18,55,16,55,55,55,55,55,55,55,55
18,55,17,55,55,55,55,55,55,55,55
18,55,18,55,55,55,55,55,55,55,55
18,55,19,55,55,55,55,55,55,55,55
18,55,20,55,55,55,55,55,55,55,55
18,55,21,55,55,55,55,55,55,55,55
18,55,22,55,55,55,55,55,55,55,55
18,55,23,55,55,55,55,55,55,55,55
18,55,24,55,55,55,55,55,55,55,55
18,55,25,55,55,55,55,55,55,55,55
18,55,26,55,55,55,55,55,55,55,55
19,20,16,20,20,20,20,20,20,20,20
19,20,17,20,20,20,20,20,20,20,20
19,20,18,20,20,20,20,20,20,20,20
19,20,19,20,20,20,20,20,20,20,20
19,20,20,20,20,20,20,20,20,20,20
19,20,21,20,20,20,20,20,20,20,20
19,20,22,20,20,20,20,20,20,20,20
19,20,23,20,20,20,20,20,20,20,20
19,20,24,20,20,20,20,20,20,20,20
19,20,25,20,20,20,20,20,20,20,20
19,20,26,20,20,20,20,20,20,20,20
20,25,16,25,25,25,25,25,25,25,25
20,25,17,25,25,25,25,25,25,25,25
20,25,18,25,25,25,25,25,25,25,25
20,25,19,25,25,25,25,25,25,25,25
20,25,20,25,25,25,25,25,25,25,25
20,25,21,25,25,25,25,25,25,25,25
20,25,22,25,25,25,25,25,25,25,25
20,25,23,25,25,25,25,25,25,25,25
20,25,24,25,25,25,25,25,25,25,25
20,25,25,25,25,25,25,25,25,25,25
20,25,26,25,25,25,25,25,25,25,25
21,30,16,30,30,30,30,30,30,30,30
21,30,17,30,30,30,30,30,30,30,30
21,30,18,30,30,30,30,30,30,30,30
21,30,19,30,30,30,30,30,30,30,30
21,30,20,30,30,30,30,30,30,30,30
21,30,21,30,30,30,30,30,30,30,30
21,30,22,30,30,30,30,30,30,30,30
21,30,23,30,30,30,30,30,30,30,30
21,30,24,30,30,30,30,30,30,30,30
21,30,25,30,30,30,30,30,30,30,30
21,30,26,30,30,30,30,30,30,30,30
22,15,16,15,15,15,15,15,15,15,15
22,15,17,15,15,15,15,15,15,15,15
22,15,18,15,15,15,15,15,15,15,15
22,15,19,15,15,15,15,15,15,15,15
22,15,20,15,15,15,15,15,15,15,15
22,15,21,15,15,15,15,15,15,15,15
22,15,22,15,15,15,15,15,15,15,15
22,15,23,15,15,15,15,15,15,15,15
22,15,24,15,15,15,15,15,15,15,15
22,15,25,15,15,15,15,15,15,15,15
22,15,26,15,15,15,15,15,15,15,15
23,20,16,20,20,20,20,20,20,20,20
23,20,17,20,20,20,20,20,20,20,20
23,20,18,20,20,20,20,20,20,20,20
23,20,19,20,20,20,20,20,20,20,20
23,20,20,20,20,20,20,20,20,20,20
23,20,21,20,20,20,20,20,20,20,20
23,20,22,20,20,20,20,20,20,20,20
23,20,23,20,20,20,20,20,20,20,20
23,20,24,20,20,20,20,20,20,20,20
23,20,25,20,20,20,20,20,20,20,20
23,20,26,20,20,20,20,20,20,20,20
24,25,16,25,25,25,25,25,25,25,25
24,25,17,25,25,25,25,25,25,25,25
24,25,18,25,25,25,25,25,25,25,25
24,25,19,25,25,25,25,25,25,25,25
24,25,20,25,25,25,25,25,25,25,25
24,25,21,25,25,25,25,25,25,25,25
24,25,22,25,25,25,25,25,25,25,25
24,25,23,25,25,25,25,25,25,25,25
24,25,24,25,25,25,25,25,25,25,25
24,25,25,25,25,25,25,25,25,25,25
24,25,26,25,25,25,25,25,25,25,25
25,10,16,10,10,10,10,10,10,10,10
25,10,17,10,10,10,10,10,10,10,10
25,10,18,10,10,10,10,10,10,10,10
25,10,19,10,10,10,10,10,10,10,10
25,10,20,10,10,10,10,10,10,10,10
25,10,21,10,10,10,10,10,10,10,10
25,10,22,10,10,10,10,10,10,10,10
25,10,23,10,10,10,10,10,10,10,10
25,10,24,10,10,10,10,10,10,10,10
25,10,25,10,10,10,10,10,10,10,10
25,10,26,10,10,10,10,10,10,10,10
26,5,16,5,5,5,5,5,5,5,5
26,5,17,5,5,5,5,5,5,5,5
26,5,18,5,5,5,5,5,5,5,5
26,5,19,5,5,5,5,5,5,5,5
26,5,20,5,5,5,5,5,5,5,5
26,5,21,5,5,5,5,5,5,5,5
26,5,22,5,5,5,5,5,5,5,5
26,5,23,5,5,5,5,5,5,5,5
26,5,24,5,5,5,5,5,5,5,5
26,5,25,5,5,5,5,5,5,5,5
26,5,26,5,5,5,5,5,5,5,5
41,15,16,15,15,15,15,15,15,15,15
41,15,17,15,15,15,15,15,15,15,15
41,15,18,15,15,15,15,15,15,15,15
41,15,19,15,15,15,15,15,15,15,15
41,15,20,15,15,15,15,15,15,15,15
41,15,21,15,15,15,15,15,15,15,15
41,15,22,15,15,15,15,15,15,15,15
41,15,23,15,15,15,15,15,15,15,15
41,15,24,15,15,15,15,15,15,15,15
41,15,25,15,15,15,15,15,15,15,15
41,15,26,15,15,15,15,15,15,15,15
45,10,16,10,10,10,10,10,10,10,10
45,10,17,10,10,10,10,10,10,10,10
45,10,18,10,10,10,10,10,10,10,10
45,10,19,10,10,10,10,10,10,10,10
45,10,20,10,10,10,10,10,10,10,10
45,10,21,10,10,10,10,10,10,10,10
45,10,22,10,10,10,10,10,10,10,10
45,10,23,10,10,10,10,10,10,10,10
45,10,24,10,10,10,10,10,10,10,10
45,10,25,10,10,10,10,10,10,10,10
45,10,26,10,10,10,10,10,10,10,10
46,18,16,18,18,18,18,18,18,18,18
46,18,17,18,18,18,18,18,18,18,18
46,18,18,18,18,18,18,18,18,18,18
46,18,19,18,18,18,18,18,18,18,18
46,18,20,18,18,18,18,18,18,18,18
46,18,21,18,18,18,18,18,18,18,18
46,18,22,18,18,18,18,18,18,18,18
46,18,23,18,18,18,18,18,18,18,18
46,18,24,18,18,18,18,18,18,18,18
46,18,25,18,18,18,18,18,18,18,18
46,18,26,18,18,18,18,18,18,18,18
47,10,16,10,10,10,10,10,10,10,10
47,10,17,10,10,10,10,10,10,10,10
47,10,18,10,10,10,10,10,10,10,10
47,10,19,10,10,10,10,10,10,10,10
47,10,20,10,10,10,10,10,10,10,10
47,10,21,10,10,10,10,10,10,10,10
47,10,22,10,10,10,10,10,10,10,10
47,10,23,10,10,10,10,10,10,10,10
47,10,24,10,10,10,10,10,10,10,10
47,10,25,10,10,10,10,10,10,10,10
47,10,26,10,10,10,10,10,10,10,10
48,10,16,10,10,10,10,10,10,10,10
48,10,17,10,10,10,10,10,10,10,10
48,10,18,10,10,10,10,10,10,10,10
48,10,19,10,10,10,10,10,10,10,10
48,10,20,10,10,10,10,10,10,10,10
48,10,21,10,10,10,10,10,10,10,10
48,10,22,10,10,10,10,10,10,10,10
48,10,23,10,10,10,10,10,10,10,10
48,10,24,10,10,10,10,10,10,10,10
48,10,25,10,10,10,10,10,10,10,10
48,10,26,10,10,10,10,10,10,10,10
49,20,16,20,20,20,20,20,20,20,20
49,20,17,20,20,20,20,20,20,20,20
49,20,18,20,20,20,20,20,20,20,20
49,20,19,20,20,20,20,20,20,20,20
49,20,20,20,20,20,20,20,20,20,20
49,20,21,20,20,20,20,20,20,20,20
49,20,22,20,20,20,20,20,20,20,20
49,20,23,20,20,20,20,20,20,20,20
49,20,24,20,20,20,20,20,20,20,20
49,20,25,20,20,20,20,20,20,20,20
49,20,26,20,20,20,20,20,20,20,20
50,20,16,20,20,20,20,20,20,20,20
50,20,17,20,20,20,20,20,20,20,20
50,20,18,20,20,20,20,20,20,20,20
50,20,19,20,20,20,20,20,20,20,20
50,20,20,20,20,20,20,20,20,20,20
50,20,21,20,20,20,20,20,20,20,20
50,20,22,20,20,20,20,20,20,20,20
50,20,23,20,20,20,20,20,20,20,20
50,20,24,20,20,20,20,20,20,20,20
50,20,25,20,20,20,20,20,20,20,20
50,20,26,20,20,20,20,20,20,20,20
51,15,16,15,15,15,15,15,15,15,15
51,15,17,15,15,15,15,15,15,15,15
51,15,18,15,15,15,15,15,15,15,15
51,15,19,15,15,15,15,15,15,15,15
51,15,20,15,15,15,15,15,15,15,15
51,15,21,15,15,15,15,15,15,15,15
51,15,22,15,15,15,15,15,15,15,15
51,15,23,15,15,15,15,15,15,15,15
51,15,24,15,15,15,15,15,15,15,15
51,15,25,15,15,15,15,15,15,15,15
51,15,26,15,15,15,15,15,15,15,15
54,20,16,20,20,20,20,20,20,20,20
54,20,17,20,20,20,20,20,20,20,20
54,20,18,20,20,20,20,20,20,20,20
54,20,19,20,20,20,20,20,20,20,20
54,20,20,20,20,20,20,20,20,20,20
54,20,21,20,20,20,20,20,20,20,20
54,20,22,20,20,20,20,20,20,20,20
54,20,23,20,20,20,20,20,20,20,20
54,20,24,20,20,20,20,20,20,20,20
54,20,25,20,20,20,20,20,20,20,20
54,20,26,20,20,20,20,20,20,20,20
73,30,16,30,30,30,30,30,30,30,30
73,30,17,30,30,30,30,30,30,30,30
73,30,18,30,30,30,30,30,30,30,30
73,30,19,30,30,30,30,30,30,30,30
73,30,20,30,30,30,30,30,30,30,30
73,30,21,30,30,30,30,30,30,30,30
73,30,22,30,30,30,30,30,30,30,30
73,30,23,30,30,30,30,30,30,30,30
73,30,24,30,30,30,30,30,30,30,30
73,30,25,30,30,30,30,30,30,30,30
73,30,26,30,30,30,30,30,30,30,30
74,25,16,25,25,25,25,25,25,25,25
74,25,17,25,25,25,25,25,25,25,25
74,25,18,25,25,25,25,25,25,25,25
74,25,19,25,25,25,25,25,25,25,25
74,25,20,25,25,25,25,25,25,25,25
74,25,21,25,25,25,25,25,25,25,25
74,25,22,25,25,25,25,25,25,25,25
74,25,23,25,25,25,25,25,25,25,25
74,25,24,25,25,25,25,25,25,25,25
74,25,25,25,25,25,25,25,25,25,25
74,25,26,25,25,25,25,25,25,25,25
76,33,16,33,33,33,33,33,33,33,33
76,33,17,33,33,33,33,33,33,33,33
76,33,18,33,33,33,33,33,33,33,33
76,33,19,33,33,33,33,33,33,33,33
76,33,20,33,33,33,33,33,33,33,33
76,33,21,33,33,33,33,33,33,33,33
76,33,22,33,33,33,33,33,33,33,33
76,33,23,33,33,33,33,33,33,33,33
76,33,24,33,33,33,33,33,33,33,33
76,33,25,33,33,33,33,33,33,33,33
76,33,26,33,33,33,33,33,33,33,33
93,32,16,32,32,32,32,32,32,32,32
93,32,17,32,32,32,32,32,32,32,32
93,32,18,32,32,32,32,32,32,32,32
93,32,19,32,32,32,32,32,32,32,32
93,32,20,32,32,32,32,32,32,32,32
93,32,21,32,32,32,32,32,32,32,32
93,32,22,32,32,32,32,32,32,32,32
93,32,23,32,32,32,32,32,32,32,32
93,32,24,32,32,32,32,32,32,32,32
93,32,25,32,32,32,32,32,32,32,32
93,32,26,32,32,32,32,32,32,32,32
94,14,16,14,14,14,14,14,14,14,14
94,14,17,14,14,14,14,14,14,14,14
94,14,18,14,14,14,14,14,14,14,14
94,14,19,14,14,14,14,14,14,14,14
94,14,20,14,14,14,14,14,14,14,14
94,14,21,14,14,14,14,14,14,14,14
94,14,22,14,14,14,14,14,14,14,14
94,14,23,14,14,14,14,14,14,14,14
94,14,24,14,14,14,14,14,14,14,14
94,14,25,14,14,14,14,14,14,14,14
94,14,26,14,14,14,14,14,14,14,14
98,10,16,10,10,10,10,10,10,10,10
98,10,17,10,10,10,10,10,10,10,10
98,10,18,10,10,10,10,10,10,10,10
98,10,19,10,10,10,10,10,10,10,10
98,10,20,10,10,10,10,10,10,10,10
98,10,21,10,10,10,10,10,10,10,10
98,10,22,10,10,10,10,10,10,10,10
98,10,23,10,10,10,10,10,10,10,10
98,10,24,10,10,10,10,10,10,10,10
98,10,25,10,10,10,10,10,10,10,10
98,10,26,10,10,10,10,10,10,10,10
99,10,16,10,10,10,10,10,10,10,10
99,10,17,10,10,10,10,10,10,10,10
99,10,18,10,10,10,10,10,10,10,10
99,10,19,10,10,10,10,10,10,10,10
99,10,20,10,10,10,10,10,10,10,10
99,10,21,10,10,10,10,10,10,10,10
99,10,22,10,10,10,10,10,10,10,10
99,10,23,10,10,10,10,10,10,10,10
99,10,24,10,10,10,10,10,10,10,10
99,10,25,10,10,10,10,10,10,10,10
99,10,26,10,10,10,10,10,10,10,10
100,35,16,35,35,35,35,35,35,35,35
100,35,17,35,35,35,35,35,35,35,35
100,35,18,35,35,35,35,35,35,35,35
100,35,19,35,35,35,35,35,35,35,35
100,35,20,35,35,35,35,35,35,35,35
100,35,21,35,35,35,35,35,35,35,35
100,35,22,35,35,35,35,35,35,35,35
100,35,23,35,35,35,35,35,35,35,35
100,35,24,35,35,35,35,35,35,35,35
100,35,25,35,35,35,35,35,35,35,35
100,35,26,35,35,35,35,35,35,35,35
102,10,16,10,10,10,10,10,10,10,10
102,10,17,10,10,10,10,10,10,10,10
102,10,18,10,10,10,10,10,10,10,10
102,10,19,10,10,10,10,10,10,10,10
102,10,20,10,10,10,10,10,10,10,10
102,10,21,10,10,10,10,10,10,10,10
102,10,22,10,10,10,10,10,10,10,10
102,10,23,10,10,10,10,10,10,10,10
102,10,24,10,10,10,10,10,10,10,10
102,10,25,10,10,10,10,10,10,10,10
102,10,26,10,10,10,10,10,10,10,10
103,10,16,10,10,10,10,10,10,10,10
103,10,17,10,10,10,10,10,10,10,10
103,10,18,10,10,10,10,10,10,10,10
103,10,19,10,10,10,10,10,10,10,10
103,10,20,10,10,10,10,10,10,10,10
103,10,21,10,10,10,10,10,10,10,10
103,10,22,10,10,10,10,10,10,10,10
103,10,23,10,10,10,10,10,10,10,10
103,10,24,10,10,10,10,10,10,10,10
103,10,25,10,10,10,10,10,10,10,10
103,10,26,10,10,10,10,10,10,10,10
104,10,16,10,10,10,10,10,10,10,10
104,10,17,10,10,10,10,10,10,10,10
104,10,18,10,10,10,10,10,10,10,10
104,10,19,10,10,10,10,10,10,10,10
104,10,20,10,10,10,10,10,10,10,10
104,10,21,10,10,10,10,10,10,10,10
104,10,22,10,10,10,10,10,10,10,10
104,10,23,10,10,10,10,10,10,10,10
104,10,24,10,10,10,10,10,10,10,10
104,10,25,10,10,10,10,10,10,10,10
104,10,26,10,10,10,10,10,10,10,10
105,25,16,25,25,25,25,25,25,25,25
105,25,17,25,25,25,25,25,25,25,25
105,25,18,25,25,25,25,25,25,25,25
105,25,19,25,25,25,25,25,25,25,25
105,25,20,25,25,25,25,25,25,25,25
105,25,21,25,25,25,25,25,25,25,25
105,25,22,25,25,25,25,25,25,25,25
105,25,23,25,25,25,25,25,25,25,25
105,25,24,25,25,25,25,25,25,25,25
105,25,25,25,25,25,25,25,25,25,25
105,25,26,25,25,25,25,25,25,25,25
107,10,16,10,10,10,10,10,10,10,10
107,10,17,10,10,10,10,10,10,10,10
107,10,18,10,10,10,10,10,10,10,10
107,10,19,10,10,10,10,10,10,10,10
107,10,20,10,10,10,10,10,10,10,10
107,10,21,10,10,10,10,10,10,10,10
107,10,22,10,10,10,10,10,10,10,10
107,10,23,10,10,10,10,10,10,10,10
107,10,24,10,10,10,10,10,10,10,10
107,10,25,10,10,10,10,10,10,10,10
107,10,26,10,10,10,10,10,10,10,10
108,20,16,20,20,20,20,20,20,20,20
108,20,17,20,20,20,20,20,20,20,20
108,20,18,20,20,20,20,20,20,20,20
108,20,19,20,20,20,20,20,20,20,20
108,20,20,20,20,20,20,20,20,20,20
108,20,21,20,20,20,20,20,20,20,20
108,20,22,20,20,20,20,20,20,20,20
108,20,23,20,20,20,20,20,20,20,20
108,20,24,20,20,20,20,20,20,20,20
108,20,25,20,20,20,20,20,20,20,20
108,20,26,20,20,20,20,20,20,20,20
123,8,16,8,8,8,8,8,8,8,8
123,8,17,8,8,8,8,8,8,8,8
123,8,18,8,8,8,8,8,8,8,8
123,8,19,8,8,8,8,8,8,8,8
123,8,20,8,8,8,8,8,8,8,8
123,8,21,8,8,8,8,8,8,8,8
123,8,22,8,8,8,8,8,8,8,8
123,8,23,8,8,8,8,8,8,8,8
123,8,24,8,8,8,8,8,8,8,8
123,8,25,8,8,8,8,8,8,8,8
123,8,26,8,8,8,8,8,8,8,8
124,25,16,25,25,25,25,25,25,25,25
124,25,17,25,25,25,25,25,25,25,25
124,25,18,25,25,25,25,25,25,25,25
124,25,19,25,25,25,25,25,25,25,25
124,25,20,25,25,25,25,25,25,25,25
124,25,21,25,25,25,25,25,25,25,25
124,25,22,25,25,25,25,25,25,25,25
124,25,23,25,25,25,25,25,25,25,25
124,25,24,25,25,25,25,25,25,25,25
124,25,25,25,25,25,25,25,25,25,25
124,25,26,25,25,25,25,25,25,25,25
125,35,16,35,35,35,35,35,35,35,35
125,35,17,35,35,35,35,35,35,35,35
125,35,18,35,35,35,35,35,35,35,35
125,35,19,35,35,35,35,35,35,35,35
125,35,20,35,35,35,35,35,35,35,35
125,35,21,35,35,35,35,35,35,35,35
125,35,22,35,35,35,35,35,35,35,35
125,35,23,35,35,35,35,35,35,35,35
125,35,24,35,35,35,35,35,35,35,35
125,35,25,35,35,35,35,35,35,35,35
125,35,26,35,35,35,35,35,35,35,35
126,40,16,40,40,40,40,40,40,40,40
126,40,17,40,40,40,40,40,40,40,40
126,40,18,40,40,40,40,40,40,40,40
126,40,19,40,40,40,40,40,40,40,40
126,40,20,40,40,40,40,40,40,40,40
126,40,21,40,40,40,40,40,40,40,40
126,40,22,40,40,40,40,40,40,40,40
126,40,23,40,40,40,40,40,40,40,40
126,40,24,40,40,40,40,40,40,40,40
126,40,25,40,40,40,40,40,40,40,40
126,40,26,40,40,40,40,40,40,40,40
127,55,16,55,55,55,55,55,55,55,55
127,55,17,55,55,55,55,55,55,55,55
127,55,18,55,55,55,55,55,55,55,55
127,55,19,55,55,55,55,55,55,55,55
127,55,20,55,55,55,55,55,55,55,55
127,55,21,55,55,55,55,55,55,55,55
127,55,22,55,55,55,55,55,55,55,55
127,55,23,55,55,55,55,55,55,55,55
127,55,24,55,55,55,55,55,55,55,55
127,55,25,55,55,55,55,55,55,55,55
127,55,26,55,55,55,55,55,55,55,55
128,25,16,25,25,25,25,25,25,25,25
128,25,17,25,25,25,25,25,25,25,25
128,25,18,25,25,25,25,25,25,25,25
128,25,19,25,25,25,25,25,25,25,25
128,25,20,25,25,25,25,25,25,25,25
128,25,21,25,25,25,25,25,25,25,25
128,25,22,27.5,27.5,27.5,27.5,27.5,27.5,27.5,27.5
128,25,23,27.5,27.5,27.5,27.5,27.5,27.5,27.5,27.5
128,25,24,27.5,27.5,27.5,27.5,27.5,27.5,27.5,27.5
128,25,25,25,25,25,25,25,25,25,25
128,25,26,25,25,25,25,25,25,25,25
129,16,16,16,16,16,16,16,16,16,16
129,16,17,16,16,16,16,16,16,16,16
129,16,18,16,16,16,16,16,16,16,16
129,16,19,16,16,16,16,16,16,16,16
129,16,20,16,16,16,16,16,16,16,16
129,16,21,16,16,16,16,16,16,16,16
129,16,22,16,16,16,16,16,16,16,16
129,16,23,16,16,16,16,16,16,16,16
129,16,24,16,16,16,16,16,16,16,16
129,16,25,16,16,16,16,16,16,16,16
129,16,26,16,16,16,16,16,16,16,16
130,21,16,21,21,21,21,21,21,21,21
130,21,17,21,21,21,21,21,21,21,21
130,21,18,21,21,21,21,21,21,21,21
130,21,19,21,21,21,21,21,21,21,21
130,21,20,21,21,21,21,21,21,21,21
130,21,21,21,21,21,21,21,21,21,21
130,21,22,21,21,21,21,21,21,21,21
130,21,23,21,21,21,21,21,21,21,21
130,21,24,21,21,21,21,21,21,21,21
130,21,25,21,21,21,21,21,21,21,21
130,21,26,21,21,21,21,21,21,21,21
131,21,16,21,21,21,21,21,21,21,21
131,21,17,21,21,21,21,21,21,21,21
131,21,18,21,21,21,21,21,21,21,21
131,21,19,21,21,21,21,21,21,21,21
131,21,20,21,21,21,21,21,21,21,21
131,21,21,21,21,21,21,21,21,21,21
131,21,22,21,21,21,21,21,21,21,21
131,21,23,21,21,21,21,21,21,21,21
131,21,24,21,21,21,21,21,21,21,21
131,21,25,21,21,21,21,21,21,21,21
131,21,26,21,21,21,21,21,21,21,21
132,21,16,21,21,21,21,21,21,21,21
132,21,17,21,21,21,21,21,21,21,21
132,21,18,21,21,21,21,21,21,21,21
132,21,19,21,21,21,21,21,21,21,21
132,21,20,21,21,21,21,21,21,21,21
132,21,21,21,21,21,21,21,21,21,21
132,21,22,21,21,21,21,21,21,21,21
132,21,23,21,21,21,21,21,21,21,21
132,21,24,21,21,21,21,21,21,21,21
132,21,25,21,21,21,21,21,21,21,21
132,21,26,21,21,21,21,21,21,21,21
133,21,16,21,21,21,21,21,21,21,21
133,21,17,21,21,21,21,21,21,21,21
133,21,18,21,21,21,21,21,21,21,21
133,21,19,21,21,21,21,21,21,21,21
133,21,20,21,21,21,21,21,21,21,21
133,21,21,21,21,21,21,21,21,21,21
133,21,22,21,21,21,21,21,21,21,21
133,21,23,21,21,21,21,21,21,21,21
133,21,24,21,21,21,21,21,21,21,21
133,21,25,21,21,21,21,21,21,21,21
133,21,26,21,21,21,21,21,21,21,21
134,15,16,15,15,15,15,15,15,15,15
134,15,17,15,15,15,15,15,15,15,15
134,15,18,15,15,15,15,15,15,15,15
134,15,19,15,15,15,15,15,15,15,15
134,15,20,15,15,15,15,15,15,15,15
134,15,21,15,15,15,15,15,15,15,15
134,15,22,15,15,15,15,15,15,15,15
134,15,23,15,15,15,15,15,15,15,15
134,15,24,15,15,15,15,15,15,15,15
134,15,25,15,15,15,15,15,15,15,15
134,15,26,15,15,15,15,15,15,15,15
135,21,16,21,21,21,21,21,21,21,21
135,21,17,21,21,21,21,21,21,21,21
135,21,18,21,21,21,21,21,21,21,21
135,21,19,21,21,21,21,21,21,21,21
135,21,20,21,21,21,21,21,21,21,21
135,21,21,21,21,21,21,21,21,21,21
135,21,22,21,21,21,21,21,21,21,21
135,21,23,21,21,21,21,21,21,21,21
135,21,24,21,21,21,21,21,21,21,21
135,21,25,21,21,21,21,21,21,21,21
135,21,26,21,21,21,21,21,21,21,21
136,25,16,25,25,25,25,25,25,25,25
136,25,17,25,25,25,25,25,25,25,25
136,25,18,25,25,25,25,25,25,25,25
136,25,19,25,25,25,25,25,25,25,25
136,25,20,25,25,25,25,25,25,25,25
136,25,21,25,25,25,25,25,25,25,25
136,25,22,25,25,25,25,25,25,25,25
136,25,23,25,25,25,25,25,25,25,25
136,25,24,25,25,25,25,25,25,25,25
136,25,25,25,25,25,25,25,25,25,25
136,25,26,25,25,25,25,25,25,25,25
137,30,16,30,30,30,30,30,30,30,30
137,30,17,30,30,30,30,30,30,30,30
137,30,18,30,30,30,30,30,30,30,30
137,30,19,30,30,30,30,30,30,30,30
137,30,20,30,30,30,30,30,30,30,30
137,30,21,30,30,30,30,30,30,30,30
137,30,22,30,30,30,30,30,30,30,30
137,30,23,30,30,30,30,30,30,30,30
137,30,24,30,30,30,30,30,30,30,30
137,30,25,30,30,30,30,30,30,30,30
137,30,26,30,30,30,30,30,30,30,30
138,22,16,22,22,22,22,22,22,22,22
138,22,17,22,22,22,22,22,22,22,22
138,22,18,22,22,22,22,22,22,22,22
138,22,19,22,22,22,22,22,22,22,22
138,22,20,22,22,22,22,22,22,22,22
138,22,21,22,22,22,22,22,22,22,22
138,22,22,24.2,24.2,24.2,24.2,24.2,24.2,24.2,24.2
138,22,23,24.2,24.2,24.2,24.2,24.2,24.2,24.2,24.2
138,22,24,22,22,22,22,22,22,22,22
138,22,25,22,22,22,22,22,22,22,22
138,22,26,22,22,22,22,22,22,22,22
139,21,16,21,21,21,21,21,21,21,21
139,21,17,21,21,21,21,21,21,21,21
139,21,18,21,21,21,21,21,21,21,21
139,21,19,21,21,21,21,21,21,21,21
139,21,20,21,21,21,21,21,21,21,21
139,21,21,21,21,21,21,21,21,21,21
139,21,22,21,21,21,21,21,21,21,21
139,21,23,21,21,21,21,21,21,21,21
139,21,24,21,21,21,21,21,21,21,21
139,21,25,21,21,21,21,21,21,21,21
139,21,26,21,21,21,21,21,21,21,21
140,26,16,26,26,26,26,26,26,26,26
140,26,17,26,26,26,26,26,26,26,26
140,26,18,26,26,26,26,26,26,26,26
140,26,19,26,26,26,26,26,26,26,26
140,26,20,26,26,26,26,26,26,26,26
140,26,21,26,26,26,26,26,26,26,26
140,26,22,26,26,26,26,26,26,26,26
140,26,23,26,26,26,26,26,26,26,26
140,26,24,26,26,26,26,26,26,26,26
140,26,25,26,26,26,26,26,26,26,26
140,26,26,26,26,26,26,26,26,26,26
141,40,16,40,40,40,40,40,40,40,40
141,40,17,40,40,40,40,40,40,40,40
141,40,18,40,40,40,40,40,40,40,40
141,40,19,40,40,40,40,40,40,40,40
141,40,20,40,40,40,40,40,40,40,40
141,40,21,40,40,40,40,40,40,40,40
141,40,22,40,40,40,40,40,40,40,40
141,40,23,40,40,40,40,40,40,40,40
141,40,24,40,40,40,40,40,40,40,40
141,40,25,40,40,40,40,40,40,40,40
141,40,26,40,40,40,40,40,40,40,40
142,25,16,25,25,25,25,25,25,25,25
142,25,17,25,25,25,25,25,25,25,25
142,25,18,25,25,25,25,25,25,25,25
142,25,19,25,25,25,25,25,25,25,25
142,25,20,25,25,25,25,25,25,25,25
142,25,21,25,25,25,25,25,25,25,25
142,25,22,25,25,25,25,25,25,25,25
142,25,23,25,25,25,25,25,25,25,25
142,25,24,25,25,25,25,25,25,25,25
142,25,25,25,25,25,25,25,25,25,25
142,25,26,25,25,25,25,25,25,25,25
143,16,16,16,16,16,16,16,16,16,16
143,16,17,16,16,16,16,16,16,16,16
143,16,18,16,16,16,16,16,16,16,16
143,16,19,16,16,16,16,16,16,16,16
143,16,20,16,16,16,16,16,16,16,16
143,16,21,16,16,16,16,16,16,16,16
143,16,22,16,16,16,16,16,16,16,16
143,16,23,16,16,16,16,16,16,16,16
143,16,24,16,16,16,16,16,16,16,16
143,16,25,16,16,16,16,16,16,16,16
143,16,26,16,16,16,16,16,16,16,16
144,20,16,20,20,20,20,20,20,20,20
144,20,17,20,20,20,20,20,20,20,20
144,20,18,20,20,20,20,20,20,20,20
144,20,19,20,20,20,20,20,20,20,20
144,20,20,20,20,20,20,20,20,20,20
144,20,21,20,20,20,20,20,20,20,20
144,20,22,20,20,20,20,20,20,20,20
144,20,23,20,20,20,20,20,20,20,20
144,20,24,20,20,20,20,20,20,20,20
144,20,25,20,20,20,20,20,20,20,20
144,20,26,20,20,20,20,20,20,20,20
145,40,16,40,40,40,40,40,40,40,40
145,40,17,40,40,40,40,40,40,40,40
145,40,18,40,40,40,40,40,40,40,40
145,40,19,40,40,40,40,40,40,40,40
145,40,20,40,40,40,40,40,40,40,40
145,40,21,40,40,40,40,40,40,40,40
145,40,22,40,40,40,40,40,40,40,40
145,40,23,40,40,40,40,40,40,40,40
145,40,24,40,40,40,40,40,40,40,40
145,40,25,40,40,40,40,40,40,40,40
145,40,26,40,40,40,40,40,40,40,40
146,85,16,85,85,85,85,85,85,85,85
146,85,17,85,85,85,85,85,85,85,85
146,85,18,85,85,85,85,85,85,85,85
146,85,19,85,85,85,85,85,85,85,85
146,85,20,93.5,93.5,93.5,93.5,93.5,93.5,93.5,93.5
146,85,21,93.5,93.5,93.5,93.5,93.5,93.5,93.5,93.5
146,85,22,85,85,85,85,85,85,85,85
146,85,23,85,85,85,85,85,85,85,85
146,85,24,85,85,85,85,85,85,85,85
146,85,25,85,85,85,85,85,85,85,85
146,85,26,85,85,85,85,85,85,85,85
147,75,16,75,75,75,75,75,75,75,75
147,75,17,75,75,75,75,75,75,75,75
147,75,18,75,75,75,75,75,75,75,75
147,75,19,75,75,75,75,75,75,75,75
147,75,20,75,75,75,75,75,75,75,75
147,75,21,75,75,75,75,75,75,75,75
147,75,22,75,75,75,75,75,75,75,75
147,75,23,75,75,75,75,75,75,75,75
147,75,24,75,75,75,75,75,75,75,75
147,75,25,75,75,75,75,75,75,75,75
147,75,26,75,75,75,75,75,75,75,75
148,90,16,90,90,90,90,90,90,90,90
148,90,17,90,90,90,90,90,90,90,90
148,90,18,90,90,90,90,90,90,90,90
148,90,19,90,90,90,90,90,90,90,90
148,90,20,90,90,90,90,90,90,90,90
148,90,21,90,90,90,90,90,90,90,90
148,90,22,90,90,90,90,90,90,90,90
148,90,23,90,90,90,90,90,90,90,90
148,90,24,90,90,90,90,90,90,90,90
148,90,25,90,90,90,90,90,90,90,90
148,90,26,90,90,90,90,90,90,90,90
149,3,16,3,3,3,3,3,3,3,3
149,3,17,3,3,3,3,3,3,3,3
149,3,18,3,3,3,3,3,3,3,3
149,3,19,3,3,3,3,3,3,3,3
149,3,20,3,3,3,3,3,3,3,3
149,3,21,3,3,3,3,3,3,3,3
149,3,22,3,3,3,3,3,3,3,3
149,3,23,3,3,3,3,3,3,3,3
149,3,24,3,3,3,3,3,3,3,3
149,3,25,3,3,3,3,3,3,3,3
149,3,26,3,3,3,3,3,3,3,3
150,6,16,6,6,6,6,6,6,6,6
150,6,17,6,6,6,6,6,6,6,6
150,6,18,6,6,6,6,6,6,6,6
150,6,19,6,6,6,6,6,6,6,6
150,6,20,6,6,6,6,6,6,6,6
150,6,21,6,6,6,6,6,6,6,6
150,6,22,6,6,6,6,6,6,6,6
150,6,23,6,6,6,6,6,6,6,6
150,6,24,6,6,6,6,6,6,6,6
150,6,25,6,6,6,6,6,6,6,6
150,6,26,6,6,6,6,6,6,6,6
151,12,16,12,12,12,12,12,12,12,12
151,12,17,12,12,12,12,12,12,12,12
151,12,18,12,12,12,12,12,12,12,12
151,12,19,12,12,12,12,12,12,12,12
151,12,20,14.2,14.2,14.2,14.2,14.2,14.2,14.2,14.2
151,12,21,14.2,14.2,14.2,14.2,14.2,14.2,14.2,14.2
151,12,22,14.2,14.2,14.2,14.2,14.2,14.2,14.2,14.2
151,12,23,12,12,12,12,12,12,12,12
151,12,24,12,12,12,12,12,12,12,12
151,12,25,12,12,12,12,12,12,12,12
151,12,26,12,12,12,12,12,12,12,12
152,15,16,15,15,15,15,15,15,15,15
152,15,17,15,15,15,15,15,15,15,15
152,15,18,15,15,15,15,15,15,15,15
152,15,19,15,15,15,15,15,15,15,15
152,15,20,15,15,15,15,15,15,15,15
152,15,21,15,15,15,15,15,15,15,15
152,15,22,15,15,15,15,15,15,15,15
152,15,23,15,15,15,15,15,15,15,15
152,15,24,15,15,15,15,15,15,15,15
152,15,25,15,15,15,15,15,15,15,15
152,15,26,15,15,15,15,15,15,15,15
153,17,16,17,17,17,17,17,17,17,17
153,17,17,17,17,17,17,17,17,17,17
153,17,18,17,17,17,17,17,17,17,17
153,17,19,17,17,17,17,17,17,17,17
153,17,20,17,17,17,17,17,17,17,17
153,17,21,17,17,17,17,17,17,17,17
153,17,22,17,17,17,17,17,17,17,17
153,17,23,17,17,17,17,17,17,17,17
153,17,24,17,17,17,17,17,17,17,17
153,17,25,17,17,17,17,17,17,17,17
153,17,26,17,17,17,17,17,17,17,17
154,22,16,22,22,22,22,22,22,22,22
154,22,17,22,22,22,22,22,22,22,22
154,22,18,22,22,22,22,22,22,22,22
154,22,19,22,22,22,22,22,22,22,22
154,22,20,22,22,22,22,22,22,22,22
154,22,21,22,22,22,22,22,22,22,22
154,22,22,22,22,22,22,22,22,22,22
154,22,23,22,22,22,22,22,22,22,22
154,22,24,22,22,22,22,22,22,22,22
154,22,25,22,22,22,22,22,22,22,22
154,22,26,22,22,22,22,22,22,22,22
155,27,16,27,27,27,27,27,27,27,27
155,27,17,27,27,27,27,27,27,27,27
155,27,18,27,27,27,27,27,27,27,27
155,27,19,27,27,27,27,27,27,27,27
155,27,20,27,27,27,27,27,27,27,27
155,27,21,27,27,27,27,27,27,27,27
155,27,22,27,27,27,27,27,27,27,27
155,27,23,27,27,27,27,27,27,27,27
155,27,24,27,27,27,27,27,27,27,27
155,27,25,27,27,27,27,27,27,27,27
155,27,26,27,27,27,27,27,27,27,27
156,30,16,30,30,30,30,30,30,30,30
156,30,17,30,30,30,30,30,30,30,30
156,30,18,30,30,30,30,30,30,30,30
156,30,19,30,30,30,30,30,30,30,30
156,30,20,30,30,30,30,30,30,30,30
156,30,21,30,30,30,30,30,30,30,30
156,30,22,30,30,30,30,30,30,30,30
156,30,23,30,30,30,30,30,30,30,30
156,30,24,30,30,30,30,30,30,30,30
156,30,25,30,30,30,30,30,30,30,30
156,30,26,30,30,30,30,30,30,30,30
157,32,16,32,32,32,32,32,32,32,32
157,32,17,32,32,32,32,32,32,32,32
157,32,18,32,32,32,32,32,32,32,32
157,32,19,32,32,32,32,32,32,32,32
157,32,20,32,32,32,32,32,32,32,32
157,32,21,32,32,32,32,32,32,32,32
157,32,22,32,32,32,32,32,32,32,32
157,32,23,32,32,32,32,32,32,32,32
157,32,24,32,32,32,32,32,32,32,32
157,32,25,32,32,32,32,32,32,32,32
157,32,26,32,32,32,32,32,32,32,32
158,14,16,14,14,14,14,14,14,14,14
158,14,17,14,14,14,14,14,14,14,14
158,14,18,14,14,14,14,14,14,14,14
158,14,19,14,14,14,14,14,14,14,14
158,14,20,14,14,14,14,14,14,14,14
158,14,21,14,14,14,14,14,14,14,14
158,14,22,14,14,14,14,14,14,14,14
158,14,23,14,14,14,14,14,14,14,14
158,14,24,14,14,14,14,14,14,14,14
158,14,25,14,14,14,14,14,14,14,14
158,14,26,14,14,14,14,14,14,14,14
159,20,16,20,20,20,20,20,20,20,20
159,20,17,20,20,20,20,20,20,20,20
159,20,18,20,20,20,20,20,20,20,20
159,20,19,20,20,20,20,20,20,20,20
159,20,20,20,20,20,20,20,20,20,20
159,20,21,20,20,20,20,20,20,20,20
159,20,22,20,20,20,20,20,20,20,20
159,20,23,20,20,20,20,20,20,20,20
159,20,24,20,20,20,20,20,20,20,20
159,20,25,20,20,20,20,20,20,20,20
159,20,26,20,20,20,20,20,20,20,20
160,25,16,25,25,25,25,25,25,25,25
160,25,17,25,25,25,25,25,25,25,25
160,25,18,25,25,25,25,25,25,25,25
160,25,19,25,25,25,25,25,25,25,25
160,25,20,25,25,25,25,25,25,25,25
160,25,21,25,25,25,25,25,25,25,25
160,25,22,25,25,25,25,25,25,25,25
160,25,23,25,25,25,25,25,25,25,25
160,25,24,25,25,25,25,25,25,25,25
160,25,25,25,25,25,25,25,25,25,25
160,25,26,25,25,25,25,25,25,25,25
161,12,16,12,12,12,12,12,12,12,12
161,12,17,12,12,12,12,12,12,12,12
161,12,18,12,12,12,12,12,12,12,12
161,12,19,12,12,12,12,12,12,12,12
161,12,20,12,12,12,12,12,12,12,12
161,12,21,12,12,12,12,12,12,12,12
161,12,22,12,12,12,12,12,12,12,12
161,12,23,12,12,12,12,12,12,12,12
161,12,24,12,12,12,12,12,12,12,12
161,12,25,12,12,12,12,12,12,12,12
161,12,26,12,12,12,12,12,12,12,12
162,18,16,18,18,18,18,18,18,18,18
162,18,17,18,18,18,18,18,18,18,18
162,18,18,18,18,18,18,18,18,18,18
162,18,19,18,18,18,18,18,18,18,18
162,18,20,18,18,18,18,18,18,18,18
162,18,21,18,18,18,18,18,18,18,18
162,18,22,18,18,18,18,18,18,18,18
162,18,23,18,18,18,18,18,18,18,18
162,18,24,18,18,18,18,18,18,18,18
162,18,25,18,18,18,18,18,18,18,18
162,18,26,18,18,18,18,18,18,18,18
163,20,16,20,20,20,20,20,20,20,20
163,20,17,20,20,20,20,20,20,20,20
163,20,18,20,20,20,20,20,20,20,20
163,20,19,20,20,20,20,20,20,20,20
163,20,20,20,20,20,20,20,20,20,20
163,20,21,20,20,20,20,20,20,20,20
163,20,22,20,20,20,20,20,20,20,20
163,20,23,20,20,20,20,20,20,20,20
163,20,24,20,20,20,20,20,20,20,20
163,20,25,20,20,20,20,20,20,20,20
163,20,26,20,20,20,20,20,20,20,20
164,81,16,81,81,81,81,81,81,81,81
164,81,17,81,81,81,81,81,81,81,81
164,81,18,81,81,81,81,81,81,81,81
164,81,19,81,81,81,81,81,81,81,81
164,81,20,81,81,81,81,81,81,81,81
164,81,21,81,81,81,81,81,81,81,81
164,81,22,81,81,81,81,81,81,81,81
164,81,23,81,81,81,81,81,81,81,81
164,81,24,81,81,81,81,81,81,81,81
164,81,25,81,81,81,81,81,81,81,81
164,81,26,81,81,81,81,81,81,81,81
165,30,16,30,30,30,30,30,30,30,30
165,30,17,30,30,30,30,30,30,30,30
165,30,18,30,30,30,30,30,30,30,30
165,30,19,30,30,30,30,30,30,30,30
165,30,20,30,30,30,30,30,30,30,30
165,30,21,30,30,30,30,30,30,30,30
165,30,22,30,30,30,30,30,30,30,30
165,30,23,30,30,30,30,30,30,30,30
165,30,24,30,30,30,30,30,30,30,30
165,30,25,30,30,30,30,30,30,30,30
165,30,26,30,30,30,30,30,30,30,30
166,85,16,85,85,85,85,85,85,85,85
166,85,17,85,85,85,85,85,85,85,85
166,85,18,85,85,85,85,85,85,85,85
166,85,19,85,85,85,85,85,85,85,85
166,85,20,85,85,85,85,85,85,85,85
166,85,21,85,85,85,85,85,85,85,85
166,85,22,85,85,85,85,85,85,85,85
166,85,23,85,85,85,85,85,85,85,85
166,85,24,85,85,85,85,85,85,85,85
166,85,25,85,85,85,85,85,85,85,85
166,85,26,85,85,85,85,85,85,85,85
167,10,16,10,10,10,10,10,10,10,10
167,10,17,10,10,10,10,10,10,10,10
167,10,18,10,10,10,10,10,10,10,10
167,10,19,10,10,10,10,10,10,10,10
167,10,20,10,10,10,10,10,10,10,10
167,10,21,10,10,10,10,10,10,10,10
167,10,22,10,10,10,10,10,10,10,10
167,10,23,10,10,10,10,10,10,10,10
167,10,24,10,10,10,10,10,10,10,10
167,10,25,10,10,10,10,10,10,10,10
167,10,26,10,10,10,10,10,10,10,10
168,27,16,27,27,27,27,27,27,27,27
168,27,17,27,27,27,27,27,27,27,27
168,27,18,27,27,27,27,27,27,27,27
168,27,19,27,27,27,27,27,27,27,27
168,27,20,27,27,27,27,27,27,27,27
168,27,21,27,27,27,27,27,27,27,27
168,27,22,27,27,27,27,27,27,27,27
168,27,23,27,27,27,27,27,27,27,27
168,27,24,27,27,27,27,27,27,27,27
168,27,25,27,27,27,27,27,27,27,27
168,27,26,27,27,27,27,27,27,27,27
169,25,16,25,25,25,25,25,25,25,25
169,25,17,25,25,25,25,25,25,25,25
169,25,18,25,25,25,25,25,25,25,25
169,25,19,25,25,25,25,25,25,25,25
169,25,20,25,25,25,25,25,25,25,25
169,25,21,25,25,25,25,25,25,25,25
169,25,22,25,25,25,25,25,25,25,25
169,25,23,25,25,25,25,25,25,25,25
169,25,24,25,25,25,25,25,25,25,25
169,25,25,25,25,25,25,25,25,25,25
169,25,26,25,25,25,25,25,25,25,25
170,20,16,20,20,20,20,20,20,20,20
170,20,17,20,20,20,20,20,20,20,20
170,20,18,20,20,20,20,20,20,20,20
170,20,19,20,20,20,20,20,20,20,20
170,20,20,20,20,20,20,20,20,20,20
170,20,21,20,20,20,20,20,20,20,20
170,20,22,20,20,20,20,20,20,20,20
170,20,23,20,20,20,20,20,20,20,20
170,20,24,20,20,20,20,20,20,20,20
170,20,25,20,20,20,20,20,20,20,20
170,20,26,20,20,20,20,20,20,20,20
171,20,16,20,20,20,20,20,20,20,20
171,20,17,20,20,20,20,20,20,20,20
171,20,18,20,20,20,20,20,20,20,20
171,20,19,20,20,20,20,20,20,20,20
171,20,20,20,20,20,20,20,20,20,20
171,20,21,20,20,20,20,20,20,20,20
171,20,22,20,20,20,20,20,20,20,20
171,20,23,20,20,20,20,20,20,20,20
171,20,24,20,20,20,20,20,20,20,20
171,20,25,20,20,20,20,20,20,20,20
171,20,26,20,20,20,20,20,20,20,20
172,80,16,80,80,80,80,80,80,80,80
172,80,17,80,80,80,80,80,80,80,80
172,80,18,80,80,80,80,80,80,80,80
172,80,19,80,80,80,80,80,80,80,80
172,80,20,80,80,80,80,80,80,80,80
172,80,21,80,80,80,80,80,80,80,80
172,80,22,80,80,80,80,80,80,80,80
172,80,23,80,80,80,80,80,80,80,80
172,80,24,80,80,80,80,80,80,80,80
172,80,25,80,80,80,80,80,80,80,80
172,80,26,80,80,80,80,80,80,80,80
173,45,16,45,45,45,45,45,45,45,45
173,45,17,45,45,45,45,45,45,45,45
173,45,18,45,45,45,45,45,45,45,45
173,45,19,45,45,45,45,45,45,45,45
173,45,20,45,45,45,45,45,45,45,45
173,45,21,45,45,45,45,45,45,45,45
173,45,22,45,45,45,45,45,45,45,45
173,45,23,45,45,45,45,45,45,45,45
173,45,24,45,45,45,45,45,45,45,45
173,45,25,45,45,45,45,45,45,45,45
173,45,26,45,45,45,45,45,45,45,45
174,12,16,12,12,12,12,12,12,12,12
174,12,17,12,12,12,12,12,12,12,12
174,12,18,12,12,12,12,12,12,12,12
174,12,19,12,12,12,12,12,12,12,12
174,12,20,12,12,12,12,12,12,12,12
174,12,21,12,12,12,12,12,12,12,12
174,12,22,12,12,12,12,12,12,12,12
174,12,23,12,12,12,12,12,12,12,12
174,12,24,12,12,12,12,12,12,12,12
174,12,25,12,12,12,12,12,12,12,12
174,12,26,12,12,12,12,12,12,12,12
175,18,16,18,18,18,18,18,18,18,18
175,18,17,18,18,18,18,18,18,18,18
175,18,18,18,18,18,18,18,18,18,18
175,18,19,18,18,18,18,18,18,18,18
175,18,20,18,18,18,18,18,18,18,18
175,18,21,18,18,18,18,18,18,18,18
175,18,22,18,18,18,18,18,18,18,18
175,18,23,18,18,18,18,18,18,18,18
175,18,24,18,18,18,18,18,18,18,18
175,18,25,18,18,18,18,18,18,18,18
175,18,26,18,18,18,18,18,18,18,18
176,30,16,30,30,30,30,30,30,30,30
176,30,17,30,30,30,30,30,30,30,30
176,30,18,30,30,30,30,30,30,30,30
176,30,19,30,30,30,30,30,30,30,30
176,30,20,30,30,30,30,30,30,30,30
176,30,21,30,30,30,30,30,30,30,30
176,30,22,30,30,30,30,30,30,30,30
176,30,23,30,30,30,30,30,30,30,30
176,30,24,30,30,30,30,30,30,30,30
176,30,25,30,30,30,30,30,30,30,30
176,30,26,30,30,30,30,30,30,30,30
177,95,16,95,95,95,95,95,95,95,95
177,95,17,95,95,95,95,95,95,95,95
177,95,18,95,95,95,95,95,95,95,95
177,95,19,95,95,95,95,95,95,95,95
177,95,20,95,95,95,95,95,95,95,95
177,95,21,95,95,95,95,95,95,95,95
177,95,22,95,95,95,95,95,95,95,95
177,95,23,95,95,95,95,95,95,95,95
177,95,24,95,95,95,95,95,95,95,95
177,95,25,95,95,95,95,95,95,95,95
177,95,26,95,95,95,95,95,95,95,95
178,40,16,40,40,40,40,40,40,40,40
178,40,17,40,40,40,40,40,40,40,40
178,40,18,40,40,40,40,40,40,40,40
178,40,19,40,40,40,40,40,40,40,40
178,40,20,40,40,40,40,40,40,40,40
178,40,21,40,40,40,40,40,40,40,40
178,40,22,40,40,40,40,40,40,40,40
178,40,23,40,40,40,40,40,40,40,40
178,40,24,40,40,40,40,40,40,40,40
178,40,25,40,40,40,40,40,40,40,40
178,40,26,40,40,40,40,40,40,40,40
179,23,16,23,23,23,23,23,23,23,23
179,23,17,23,23,23,23,23,23,23,23
179,23,18,23,23,23,23,23,23,23,23
179,23,19,23,23,23,23,23,23,23,23
179,23,20,23,23,23,23,23,23,23,23
179,23,21,23,23,23,23,23,23,23,23
179,23,22,23,23,23,23,23,23,23,23
179,23,23,23,23,23,23,23,23,23,23
179,23,24,23,23,23,23,23,23,23,23
179,23,25,23,23,23,23,23,23,23,23
179,23,26,23,23,23,23,23,23,23,23
180,170,16,170,170,170,170,170,170,170,170
180,170,17,170,170,170,170,170,170,170,170
180,170,18,170,170,170,170,170,170,170,170
180,170,19,170,170,170,170,170,170,170,170
180,170,20,170,170,170,170,170,170,170,170
180,170,21,170,170,170,170,170,170,170,170
180,170,22,170,170,170,170,170,170,170,170
180,170,23,170,170,170,170,170,170,170,170
180,170,24,170,170,170,170,170,170,170,170
180,170,25,170,170,170,170,170,170,170,170
180,170,26,170,170,170,170,170,170,170,170
181,10,16,10,10,10,10,10,10,10,10
181,10,17,10,10,10,10,10,10,10,10
181,10,18,10,10,10,10,10,10,10,10
181,10,19,10,10,10,10,10,10,10,10
181,10,20,10,10,10,10,10,10,10,10
181,10,21,10,10,10,10,10,10,10,10
181,10,22,10,10,10,10,10,10,10,10
181,10,23,10,10,10,10,10,10,10,10
181,10,24,10,10,10,10,10,10,10,10
181,10,25,10,10,10,10,10,10,10,10
181,10,26,10,10,10,10,10,10,10,10
182,95,16,95,95,95,95,95,95,95,95
182,95,17,95,95,95,95,95,95,95,95
182,95,18,95,95,95,95,95,95,95,95
182,95,19,95,95,95,95,95,95,95,95
182,95,20,95,95,95,95,95,95,95,95
182,95,21,95,95,95,95,95,95,95,95
182,95,22,95,95,95,95,95,95,95,95
182,95,23,95,95,95,95,95,95,95,95
182,95,24,95,95,95,95,95,95,95,95
182,95,25,95,95,95,95,95,95,95,95
182,95,26,95,95,95,95,95,95,95,95
183,20,16,20,20,20,20,20,20,20,20
183,20,17,20,20,20,20,20,20,20,20
183,20,18,20,20,20,20,20,20,20,20
183,20,19,20,20,20,20,20,20,20,20
183,20,20,20,20,20,20,20,20,20,20
183,20,21,20,20,20,20,20,20,20,20
183,20,22,20,20,20,20,20,20,20,20
183,20,23,20,20,20,20,20,20,20,20
183,20,24,20,20,20,20,20,20,20,20
183,20,25,20,20,20,20,20,20,20,20
183,20,26,20,20,20,20,20,20,20,20
184,25,16,25,25,25,25,25,25,25,25
184,25,17,25,25,25,25,25,25,25,25
184,25,18,25,25,25,25,25,25,25,25
184,25,19,25,25,25,25,25,25,25,25
184,25,20,25,25,25,25,25,25,25,25
184,25,21,25,25,25,25,25,25,25,25
184,25,22,25,25,25,25,25,25,25,25
184,25,23,25,25,25,25,25,25,25,25
184,25,24,25,25,25,25,25,25,25,25
184,25,25,25,25,25,25,25,25,25,25
184,25,26,25,25,25,25,25,25,25,25
185,25,16,25,25,25,25,25,25,25,25
185,25,17,25,25,25,25,25,25,25,25
185,25,18,25,25,25,25,25,25,25,25
185,25,19,25,25,25,25,25,25,25,25
185,25,20,25,25,25,25,25,25,25,25
185,25,21,25,25,25,25,25,25,25,25
185,25,22,25,25,25,25,25,25,25,25
185,25,23,25,25,25,25,25,25,25,25
185,25,24,25,25,25,25,25,25,25,25
185,25,25,25,25,25,25,25,25,25,25
185,25,26,25,25,25,25,25,25,25,25
186,18,16,18,18,18,18,18,18,18,18
186,18,17,18,18,18,18,18,18,18,18
186,18,18,18,18,18,18,18,18,18,18
186,18,19,18,18,18,18,18,18,18,18
186,18,20,18,18,18,18,18,18,18,18
186,18,21,18,18,18,18,18,18,18,18
186,18,22,18,18,18,18,18,18,18,18
186,18,23,18,18,18,18,18,18,18,18
186,18,24,18,18,18,18,18,18,18,18
186,18,25,18,18,18,18,18,18,18,18
186,18,26,18,18,18,18,18,18,18,18
187,15,16,15,15,15,15,15,15,15,15
187,15,17,15,15,15,15,15,15,15,15
187,15,18,15,15,15,15,15,15,15,15
187,15,19,15,15,15,15,15,15,15,15
187,15,20,15,15,15,15,15,15,15,15
187,15,21,15,15,15,15,15,15,15,15
187,15,22,15,15,15,15,15,15,15,15
187,15,23,15,15,15,15,15,15,15,15
187,15,24,15,15,15,15,15,15,15,15
187,15,25,15,15,15,15,15,15,15,15
187,15,26,15,15,15,15,15,15,15,15
188,18,16,18,18,18,18,18,18,18,18
188,18,17,18,18,18,18,18,18,18,18
188,18,18,18,18,18,18,18,18,18,18
188,18,19,18,18,18,18,18,18,18,18
188,18,20,18,18,18,18,18,18,18,18
188,18,21,18,18,18,18,18,18,18,18
188,18,22,18,18,18,18,18,18,18,18
188,18,23,18,18,18,18,18,18,18,18
188,18,24,18,18,18,18,18,18,18,18
188,18,25,18,18,18,18,18,18,18,18
188,18,26,18,18,18,18,18,18,18,18
189,12,16,12,12,12,12,12,12,12,12
189,12,17,12,12,12,12,12,12,12,12
189,12,18,12,12,12,12,12,12,12,12
189,12,19,12,12,12,12,12,12,12,12
189,12,20,12,12,12,12,12,12,12,12
189,12,21,12,12,12,12,12,12,12,12
189,12,22,12,12,12,12,12,12,12,12
189,12,23,12,12,12,12,12,12,12,12
189,12,24,12,12,12,12,12,12,12,12
189,12,25,12,12,12,12,12,12,12,12
189,12,26,12,12,12,12,12,12,12,12
190,15,16,15,15,15,15,15,15,15,15
190,15,17,15,15,15,15,15,15,15,15
190,15,18,15,15,15,15,15,15,15,15
190,15,19,15,15,15,15,15,15,15,15
190,15,20,15,15,15,15,15,15,15,15
190,15,21,15,15,15,15,15,15,15,15
190,15,22,15,15,15,15,15,15,15,15
190,15,23,15,15,15,15,15,15,15,15
190,15,24,15,15,15,15,15,15,15,15
190,15,25,15,15,15,15,15,15,15,15
190,15,26,15,15,15,15,15,15,15,15
191,20,16,20,20,20,20,20,20,20,20
191,20,17,20,20,20,20,20,20,20,20
191,20,18,20,20,20,20,20,20,20,20
191,20,19,20,20,20,20,20,20,20,20
191,20,20,20,20,20,20,20,20,20,20
191,20,21,20,20,20,20,20,20,20,20
191,20,22,20,20,20,20,20,20,20,20
191,20,23,20,20,20,20,20,20,20,20
191,20,24,20,20,20,20,20,20,20,20
191,20,25,20,20,20,20,20,20,20,20
191,20,26,20,20,20,20,20,20,20,20
192,20,16,20,20,20,20,20,20,20,20
192,20,17,20,20,20,20,20,20,20,20
192,20,18,20,20,20,20,20,20,20,20
192,20,19,20,20,20,20,20,20,20,20
192,20,20,20,20,20,20,20,20,20,20
192,20,21,20,20,20,20,20,20,20,20
192,20,22,20,20,20,20,20,20,20,20
192,20,23,20,20,20,20,20,20,20,20
192,20,24,20,20,20,20,20,20,20,20
192,20,25,20,20,20,20,20,20,20,20
192,20,26,20,20,20,20,20,20,20,20
193,18,16,18,18,18,18,18,18,18,18
193,18,17,18,18,18,18,18,18,18,18
193,18,18,18,18,18,18,18,18,18,18
193,18,19,18,18,18,18,18,18,18,18
193,18,20,18,18,18,18,18,18,18,18
193,18,21,18,18,18,18,18,18,18,18
193,18,22,18,18,18,18,18,18,18,18
193,18,23,18,18,18,18,18,18,18,18
193,18,24,18,18,18,18,18,18,18,18
193,18,25,18,18,18,18,18,18,18,18
193,18,26,18,18,18,18,18,18,18,18
194,10,16,10,10,10,10,10,10,10,10
194,10,17,10,10,10,10,10,10,10,10
194,10,18,10,10,10,10,10,10,10,10
194,10,19,10,10,10,10,10,10,10,10
194,10,20,10,10,10,10,10,10,10,10
194,10,21,10,10,10,10,10,10,10,10
194,10,22,10,10,10,10,10,10,10,10
194,10,23,10,10,10,10,10,10,10,10
194,10,24,10,10,10,10,10,10,10,10
194,10,25,10,10,10,10,10,10,10,10
194,10,26,10,10,10,10,10,10,10,10
195,35,16,35,35,35,35,35,35,35,35
195,35,17,35,35,35,35,35,35,35,35
195,35,18,35,35,35,35,35,35,35,35
195,35,19,35,35,35,35,35,35,35,35
195,35,20,35,35,35,35,35,35,35,35
195,35,21,35,35,35,35,35,35,35,35
195,35,22,35,35,35,35,35,35,35,35
195,35,23,35,35,35,35,35,35,35,35
195,35,24,35,35,35,35,35,35,35,35
195,35,25,35,35,35,35,35,35,35,35
195,35,26,35,35,35,35,35,35,35,35
196,25,16,25,25,25,25,25,25,25,25
196,25,17,25,25,25,25,25,25,25,25
196,25,18,25,25,25,25,25,25,25,25
196,25,19,25,25,25,25,25,25,25,25
196,25,20,25,25,25,25,25,25,25,25
196,25,21,25,25,25,25,25,25,25,25
196,25,22,25,25,25,25,25,25,25,25
196,25,23,25,25,25,25,25,25,25,25
196,25,24,25,25,25,25,25,25,25,25
196,25,25,25,25,25,25,25,25,25,25
196,25,26,25,25,25,25,25,25,25,25
197,2,16,2,2,2,2,2,2,2,2
197,2,17,2,2,2,2,2,2,2,2
197,2,18,2,2,2,2,2,2,2,2
197,2,19,2,2,2,2,2,2,2,2
197,2,20,2,2,2,2,2,2,2,2
197,2,21,2,2,2,2,2,2,2,2
197,2,22,2,2,2,2,2,2,2,2
197,2,23,2,2,2,2,2,2,2,2
197,2,24,2,2,2,2,2,2,2,2
197,2,25,2,2,2,2,2,2,2,2
197,2,26,2,2,2,2,2,2,2,2
198,20,16,20,20,20,20,20,20,20,20
198,20,17,20,20,20,20,20,20,20,20
198,20,18,20,20,20,20,20,20,20,20
198,20,19,20,20,20,20,20,20,20,20
198,20,20,20,20,20,20,20,20,20,20
198,20,21,20,20,20,20,20,20,20,20
198,20,22,20,20,20,20,20,20,20,20
198,20,23,20,20,20,20,20,20,20,20
198,20,24,20,20,20,20,20,20,20,20
198,20,25,20,20,20,20,20,20,20,20
198,20,26,20,20,20,20,20,20,20,20
900,100,16,100,100,100,100,100,100,100,100
900,100,17,100,100,100,100,100,100,100,100
900,100,18,100,100,100,100,100,100,100,100
900,100,19,100,100,100,100,100,100,100,100
900,100,20,100,100,100,100,100,100,100,100
900,100,21,100,100,100,100,100,100,100,100
900,100,22,100,100,100,100,100,100,100,100
900,100,23,100,100,100,100,100,100,100,100
900,100,24,100,100,100,100,100,100,100,100
900,100,25,100,100,100,100,100,100,100,100
900,100,26,100,100,100,100,100,100,100,100
901,-100,16,-100,-100,-100,-100,-100,-100,-100,-100
901,-100,17,-100,-100,-100,-100,-100,-100,-100,-100
901,-100,18,-100,-100,-100,-100,-100,-100,-100,-100
901,-100,19,-100,-100,-100,-100,-100,-100,-100,-100
901,-100,20,-100,-100,-100,-100,-100,-100,-100,-100
901,-100,21,-100,-100,-100,-100,-100,-100,-100,-100
901,-100,22,-100,-100,-100,-100,-100,-100,-100,-100
901,-100,23,-100,-100,-100,-100,-100,-100,-100,-100
901,-100,24,-100,-100,-100,-100,-100,-100,-100,-100
901,-100,25,-100,-100,-100,-100,-100,-100,-100,-100
901,-100,26,-100,-100,-100,-100,-100,-100,-100,-100
902,25,16,25,25,25,25,25,25,25,25
902,25,17,25,25,25,25,25,25,25,25
902,25,18,25,25,25,25,25,25,25,25
902,25,19,25,25,25,25,25,25,25,25
902,25,20,25,25,25,25,25,25,25,25
902,25,21,25,25,25,25,25,25,25,25
902,25,22,25,25,25,25,25,25,25,25
902,25,23,25,25,25,25,25,25,25,25
902,25,24,25,25,25,25,25,25,25,25
902,25,25,25,25,25,25,25,25,25,25
902,25,26,25,25,25,25,25,25,25,25
903,5,16,5,5,5,5,5,5,5,5
903,5,17,5,5,5,5,5,5,5,5
903,5,18,5,5,5,5,5,5,5,5
903,5,19,5,5,5,5,5,5,5,5
903,5,20,5,5,5,5,5,5,5,5
903,5,21,5,5,5,5,5,5,5,5
903,5,22,5,5,5,5,5,5,5,5
903,5,23,5,5,5,5,5,5,5,5
903,5,24,5,5,5,5,5,5,5,5
903,5,25,5,5,5,5,5,5,5,5
903,5,26,5,5,5,5,5,5,5,5
